Páginas principales,Clics,Impresiones,CTR,Posición
https://salariojusto.es/convenio-limpieza-bizkaia.html,114,1626,7.01%,6.07
https://salariojusto.es/convenio-hosteleria-valencia.html,105,3155,3.33%,6.87
https://salariojusto.es/convenio-hosteleria-madrid.html,73,3169,2.3%,8.92
https://salariojusto.es/convenio-limpieza-barcelona.html,69,2712,2.54%,7.39
https://salariojusto.es/convenio-hosteleria-girona.html,64,1231,5.2%,5.71
https://salariojusto.es/convenio-hosteleria-tarragona.html,61,956,6.38%,5.69
https://salariojusto.es/convenio-hosteleria-barcelona.html,58,2036,2.85%,7.84
https://salariojusto.es/convenio-limpieza-malaga.html,58,1171,4.95%,5.38
https://salariojusto.es/convenio-limpieza-zaragoza.html,42,710,5.92%,7.06
https://salariojusto.es/convenio-limpieza-sevilla.html,38,1195,3.18%,6.83
https://salariojusto.es/convenio-hosteleria-maresme.html,24,279,8.6%,4.92
https://salariojusto.es/convenio-limpieza-murcia.html,22,613,3.59%,5.86
https://salariojusto.es/convenio-limpieza-valencia.html,20,1100,1.82%,7.34
https://salariojusto.es/convenio-limpieza-madrid.html,19,1212,1.57%,9.08
https://salariojusto.es/convenio-limpieza-asturias.html,18,4764,0.38%,5.91
https://salariojusto.es/convenio-oficinas-valencia.html,16,859,1.86%,8.78
https://salariojusto.es/plantilla-reclamar-atrasos-convenio-salarial.html,16,265,6.04%,7.96
https://salariojusto.es/convenio-limpieza-laspalmas.html,15,520,2.88%,6.95
https://salariojusto.es/,11,366,3.01%,9.67
https://salariojusto.es/convenio-limpieza-edificios-locales.html,7,2124,0.33%,11.06
https://salariojusto.es/plantilla-reclamar-grupo-profesional-superior.html,7,89,7.87%,6.09
https://salariojusto.es/rangos-salariales-empresa-transparencia-2026.html,5,108,4.63%,9.19
https://salariojusto.es/convenio-metal-bizkaia.html,5,104,4.81%,10.22
https://www.salariojusto.es/,4,84,4.76%,4.61
https://salariojusto.es/ley-transparencia-salarial-2026.html,3,331,0.91%,16.77
https://salariojusto.es/convenio-construccion-bizkaia.html,3,130,2.31%,7.95
https://salariojusto.es/convenio-tecnicos-espectaculos.html,3,25,12%,10.32
https://salariojusto.es/plantillas-transparencia-retributiva-2026.html,2,24,8.33%,5.12
https://salariojusto.es/en/,1,906,0.11%,19.83
https://salariojusto.es/convenio-hosteleria-malaga.html,1,189,0.53%,6.86
https://salariojusto.es/salarios.html,1,125,0.8%,42.4
https://salariojusto.es/plantilla-solicitar-informacion-salarial-rrhh.html,1,32,3.12%,50.91
https://salariojusto.es/salario-neto-100000-euros-brutos-madrid.html,1,23,4.35%,10.04
https://salariojusto.es/salario-neto-28000-euros-brutos-barcelona.html,0,94,0%,7.88
https://salariojusto.es/salario-neto-30000-euros-brutos-madrid.html,0,81,0%,13.85
https://salariojusto.es/salario-neto-40000-euros-brutos-barcelona.html,0,75,0%,11.12
https://salariojusto.es/salario-neto-30000-euros-brutos-valencia.html,0,74,0%,8.38
https://salariojusto.es/salario-neto-40000-euros-brutos-madrid.html,0,71,0%,13.7
https://salariojusto.es/salario-neto-45000-euros-brutos-madrid.html,0,67,0%,7.82
https://salariojusto.es/salario-neto-30000-euros-brutos-barcelona.html,0,60,0%,11.98
https://salariojusto.es/salario-neto-35000-euros-brutos-valencia.html,0,58,0%,8.41
https://salariojusto.es/salario-neto-45000-euros-brutos-barcelona.html,0,48,0%,8.27
https://salariojusto.es/salario-neto-40000-euros-brutos-valencia.html,0,48,0%,9.42
https://salariojusto.es/salario-neto-35000-euros-brutos-barcelona.html,0,46,0%,11.41
https://salariojusto.es/salario-neto-22000-euros-brutos-madrid.html,0,44,0%,13.07
https://salariojusto.es/salario-neto-45000-euros-brutos-valencia.html,0,40,0%,6.95
https://salariojusto.es/salario-neto-35000-euros-brutos-madrid.html,0,40,0%,13
https://salariojusto.es/convenios.html,0,36,0%,37.64
https://salariojusto.es/salario-neto-50000-euros-brutos-madrid.html,0,34,0%,15.41
https://salariojusto.es/salario-neto-60000-euros-brutos-madrid.html,0,32,0%,11.38
https://salariojusto.es/plantilla-calcular-brecha-salarial-empresa.html,0,31,0%,19
https://salariojusto.es/salario-neto-25000-euros-brutos-zaragoza.html,0,29,0%,9.48
https://salariojusto.es/salario-neto-70000-euros-brutos-madrid.html,0,26,0%,7.77
https://salariojusto.es/salario-neto-22000-euros-brutos-barcelona.html,0,25,0%,10.48
https://salariojusto.es/pedir-banda-salarial-empresa-2026.html,0,22,0%,16.14
https://salariojusto.es/salario-neto-25000-euros-brutos-acoruna.html,0,21,0%,6.76
https://salariojusto.es/salario-neto-22000-euros-brutos-valencia.html,0,20,0%,6.75
https://salariojusto.es/salario-neto-30000-euros-brutos-murcia.html,0,18,0%,8.06
https://salariojusto.es/guias.html,0,18,0%,27.56
https://salariojusto.es/plantilla-reclamar-igualdad-salarial-no-discriminacion.html,0,17,0%,7.06
https://salariojusto.es/plantilla-reclamar-trabajo-igual-valor.html,0,16,0%,6.25
https://salariojusto.es/mapa-del-sitio.html,0,8,0%,5.12
https://salariojusto.es/sobre.html,0,8,0%,54.75
https://salariojusto.es/plantilla-documentar-evidencias-desigualdad-salarial.html,0,7,0%,10.57
https://salariojusto.es/sala-de-prensa.html,0,3,0%,19.33