slug,sector,estado,palabras_prosa,ratio_tabla,boilerplate_ratio,frases_exclusivas,cifras_n,pct_huerfanas,faq_n,faq_clonadas,entrantes_n,internos_cuerpo,a_hermanas,al_kit,tablas_n,sin_th,verde_en_tablas,parrafos_largos,conceptos_ausentes,dias_commit,gsc_clics,gsc_ctr,hardfails
convenio-comercio-madrid,comercio,vigente,2274,0.137,0.022,89,59,0.153,4,0,7,15,0,1,4,0,0,2,2,13,,,0
convenio-comercio-metal-barcelona,comercio,vigente,5304,0.043,0.026,187,153,0.046,7,0,2,25,2,3,3,0,0,6,2,0,,,1
convenio-comercio-metal-bizkaia,comercio-metal,especial,3286,0.107,0.084,120,163,0.006,6,0,5,18,0,4,1,0,0,0,2,11,,,2
convenio-construccion-bizkaia,construccion,vigente,2453,0.286,0.205,70,190,0.216,7,5,11,17,0,2,8,0,136,1,1,33,12,1.92%,0
convenio-construccion-madrid,construccion,vigente,2997,0.201,0.061,107,187,0.037,8,4,3,16,1,1,6,0,0,1,2,31,,,0
convenio-contact-center,contact,vigente,3331,0.101,0.044,130,124,0.048,6,0,2,17,0,1,5,0,0,1,1,26,,,0
convenio-hosteleria,hosteleria,marco,3681,0.072,0.025,157,96,0.51,8,1,31,63,15,1,2,0,0,0,2,33,,,2
convenio-hosteleria-alicante,hosteleria,especial,5121,0.05,0.0,198,142,0.07,8,3,5,6,0,0,5,1,97,3,0,0,,,1
convenio-hosteleria-baleares,hosteleria,vigente,5565,0.1,0.061,214,224,0.089,5,2,10,18,5,2,8,0,173,2,1,19,123,2.19%,0
convenio-hosteleria-barcelona,hosteleria,vigente,4382,0.268,0.146,152,159,0.384,10,5,60,22,4,3,20,1,0,1,0,33,92,2.1%,1
convenio-hosteleria-bizkaia,hosteleria,vigente,4357,0.079,0.07,160,176,0.028,5,3,22,18,4,2,6,0,82,1,0,33,43,1.85%,0
convenio-hosteleria-cadiz,hosteleria,vigente,1939,0.183,0.243,56,122,0.09,7,4,10,23,9,2,7,0,82,1,1,33,,,0
convenio-hosteleria-cantabria,hosteleria,especial,4910,0.167,0.037,183,239,0.084,8,3,11,22,8,2,10,0,93,7,1,27,,,0
convenio-hosteleria-gipuzkoa,hosteleria,vigente,3860,0.029,0.0,159,140,0.014,7,2,5,12,2,1,3,0,30,2,4,33,,,2
convenio-hosteleria-girona,hosteleria,vigente,2135,0.523,0.366,59,173,0.081,4,4,15,27,1,1,15,0,54,1,1,33,51,4.3%,0
convenio-hosteleria-granada,hosteleria,especial,2818,0.166,0.162,93,123,0.0,7,3,9,24,10,2,8,0,71,6,0,33,,,0
convenio-hosteleria-laspalmas,hosteleria,vigente,4357,0.05,0.0,178,198,0.03,6,1,4,12,4,0,3,0,75,1,2,27,,,2
convenio-hosteleria-madrid,hosteleria,ultraactividad,3549,0.233,0.117,128,134,0.634,8,1,21,18,1,2,16,1,0,0,1,33,95,1.42%,1
convenio-hosteleria-malaga,hosteleria,vigente,1614,0.566,0.246,49,21,0.429,0,0,13,18,4,2,24,0,1241,0,2,33,36,2.24%,2
convenio-hosteleria-maresme,hosteleria,vigente,2371,0.349,0.358,61,170,0.294,4,3,14,31,3,1,15,0,40,2,1,33,32,7.46%,0
convenio-hosteleria-sevilla,hosteleria,vigente,2890,0.512,0.193,92,293,0.044,4,4,10,17,1,1,12,0,86,1,0,33,22,1.74%,0
convenio-hosteleria-tarragona,hosteleria,vigente,2524,0.304,0.15,85,168,0.208,7,2,15,34,4,3,11,1,0,0,0,33,69,4.94%,0
convenio-hosteleria-valencia,hosteleria,ultraactividad,5029,0.234,0.116,176,183,0.404,8,5,14,22,1,3,20,1,0,3,0,0,163,3.87%,1
convenio-hosteleria-valladolid,hosteleria,especial,4678,0.124,0.005,205,170,0.088,8,4,9,18,0,3,4,0,7,0,1,33,,,0
convenio-hosteleria-zaragoza,hosteleria,ultraactividad,2875,0.302,0.148,98,131,0.0,4,4,9,16,0,1,13,0,25,0,0,33,64,4.54%,0
convenio-limpieza-alicante,limpieza,ultraactividad,4967,0.16,0.021,190,279,0.007,8,0,6,28,8,1,11,0,30,0,0,33,,,0
convenio-limpieza-asturias,limpieza,ultraactividad,4778,0.114,0.062,166,284,0.021,6,6,10,24,9,1,4,0,35,11,1,0,130,1.73%,0
convenio-limpieza-barcelona,limpieza,vigente,4399,0.207,0.125,161,248,0.335,5,2,27,16,2,1,12,0,19,0,0,25,152,3.78%,0
convenio-limpieza-bizkaia,limpieza,especial,5367,0.202,0.103,191,298,0.037,5,4,17,23,7,1,18,0,39,7,0,0,158,7.54%,0
convenio-limpieza-catalunya,limpieza,vigente,1995,0.101,0.259,60,72,0.889,5,0,3,17,2,2,1,0,18,1,1,33,,,1
convenio-limpieza-edificios-locales,limpieza,marco,4746,0.059,0.026,188,148,0.73,8,1,53,42,11,4,2,0,0,0,0,25,87,1.85%,1
convenio-limpieza-laspalmas,limpieza,vigente,4576,0.175,0.091,169,278,0.112,5,0,19,25,6,1,14,0,19,4,2,0,2,1.04%,0
convenio-limpieza-madrid,limpieza,ultraactividad,2926,0.153,0.16,100,153,0.111,5,1,27,21,2,2,10,0,30,0,0,18,103,2.84%,0
convenio-limpieza-malaga,limpieza,ultraactividad,4838,0.172,0.172,169,235,0.226,5,4,17,23,5,1,14,0,13,3,2,0,72,4.64%,0
convenio-limpieza-murcia,limpieza,vigente,4829,0.063,0.087,168,193,0.016,6,6,9,24,10,1,3,0,13,3,1,0,41,2.75%,0
convenio-limpieza-pontevedra,limpieza,ultraactividad,2994,0.068,0.034,113,118,0.051,6,4,3,24,5,1,5,0,0,1,1,20,,,0
convenio-limpieza-sevilla,limpieza,vigente,4196,0.16,0.202,138,215,0.274,5,3,18,21,4,1,13,0,18,4,2,0,22,1.65%,0
convenio-limpieza-tenerife,limpieza,ultraactividad,3026,0.055,0.036,107,116,0.034,6,4,7,27,6,1,4,0,0,2,3,24,,,0
convenio-limpieza-valencia,limpieza,ultraactividad,4893,0.155,0.179,165,165,0.255,5,3,22,23,3,1,13,0,11,5,1,0,64,2.69%,0
convenio-limpieza-zaragoza,limpieza,ultraactividad,6779,0.093,0.066,242,279,0.011,7,4,12,23,8,1,7,0,19,16,0,0,124,4.4%,0
convenio-metal-alava,metal,ultraactividad,3323,0.126,0.052,127,168,0.03,6,4,3,25,5,1,11,0,0,1,1,23,,,0
convenio-metal-asturias,metal,vigente,3418,0.121,0.032,120,133,0.038,6,3,3,35,7,1,5,0,0,2,0,24,,,0
convenio-metal-barcelona,metal,vigente,4511,0.03,0.015,195,181,0.017,6,3,22,12,1,0,2,0,28,4,3,33,,,2
convenio-metal-bizkaia,metal,ultraactividad,2339,0.189,0.182,72,134,0.075,7,1,25,16,0,2,4,0,84,2,3,33,58,4.68%,0
convenio-metal-gipuzkoa,metal,vigente,2262,0.246,0.075,86,249,0.044,6,4,13,22,4,1,13,0,0,0,3,27,,,0
convenio-metal-madrid,metal,vigente,2808,0.129,0.072,103,118,0.042,6,4,20,22,3,1,5,0,0,0,0,32,,,0
convenio-metal-navarra,metal,vigente,2676,0.119,0.058,97,113,0.035,6,5,9,22,5,1,4,0,0,1,1,27,,,0
convenio-metal-sevilla,metal,vigente,3212,0.237,0.049,116,270,0.048,6,4,3,26,6,1,12,0,0,2,0,21,,,0
convenio-metal-valencia,metal,vigente,2677,0.141,0.07,106,123,0.024,6,3,17,21,2,1,7,0,17,0,0,33,,,0
convenio-metal-zaragoza,metal,vigente,2489,0.111,0.041,93,115,0.026,6,4,13,27,6,1,9,0,0,0,1,27,,,0
convenio-oficinas-bizkaia,oficinas,especial,3768,0.146,0.065,130,221,0.054,6,0,5,11,2,0,2,0,0,0,2,18,,,2
convenio-oficinas-madrid,oficinas,vigente,6255,0.032,0.015,263,195,0.0,6,3,7,11,1,0,3,0,42,10,2,13,,,2
convenio-oficinas-valencia,oficinas,vigente,2660,0.112,0.155,93,43,0.233,5,0,11,17,0,1,4,0,9,0,0,27,41,1.95%,0
convenio-seguridad-privada,seguridad,vigente,3226,0.229,0.048,120,295,0.003,6,0,3,19,0,1,12,0,0,0,0,26,,,0
convenio-tecnicos-espectaculos,tecnicos,marco,1785,0.0,0.0,76,6,0.333,4,0,2,13,0,2,0,0,0,2,7,33,4,2.65%,2
